trial,experiment,hidden_dim,hgnn_dim,num_hgnn_layers,attn_heads,learning_rate,weight_decay,dropout,val_f1,val_loss,test_f1,test_roc_auc,test_accuracy,test_precision,test_recall,duration_min
22,hgnn_trial22_h256_hd32_nl1_ah4_lr1.08e-03_wd1.79e-04_dr30,256,32,1,4,0.0010824018381500957,0.0001788532743297923,0.3,0.9177101967799642,0.21289367114105237,0.8705405499842762,0.9511984545563242,0.8776824034334764,0.9245213002820246,0.8225156817431496,11.31123100121816
37,hgnn_trial37_h128_hd32_nl1_ah8_lr1.01e-03_wd1.05e-04_dr30,128,32,1,8,0.0010127963257331484,0.00010471209213501687,0.3,0.9094638148256665,0.23934712164733085,0.871146941264142,0.944660754338958,0.8744139980191482,0.8944146901300689,0.8490590954110268,8.837009914716084
34,hgnn_trial34_h128_hd32_nl1_ah4_lr1.38e-03_wd9.71e-05_dr10,128,32,1,4,0.001383324997521996,9.70821065800856e-05,0.1,0.9072652096869462,0.24255413739391551,0.8658624600474276,0.9428708704597715,0.87114559260482,0.9028813073394495,0.8317596566523605,6.4240020950635275
33,hgnn_trial33_h128_hd64_nl1_ah1_lr1.91e-03_wd2.21e-05_dr10,128,64,1,1,0.0019095652801045377,2.209652614551385e-05,0.1,0.9015666568134791,0.25958546039092956,0.8555036416105538,0.9351577951051142,0.8611422911852097,0.8917138150827186,0.8221195113898977,5.801087725162506
30,hgnn_trial30_h512_hd64_nl2_ah4_lr1.11e-03_wd6.40e-06_dr40,512,64,2,4,0.0011097554561103106,6.39562037099367e-06,0.4,0.9008464328899637,0.27041152328314166,0.8224319340492461,0.9200174433540591,0.8378672829316606,0.9089673913043478,0.7509409045889732,81.84739737908045
17,hgnn_trial17_h512_hd256_nl2_ah4_lr1.16e-03_wd2.24e-04_dr20,512,256,2,4,0.001161586598924645,0.00022413234378101143,0.2,0.8977338756536897,0.2822890494125105,0.8226505202114959,0.9004582597126206,0.828359194453615,0.8509527170077629,0.7961703532518983,44.22566726207733
50,hgnn_trial50_h512_hd32_nl2_ah1_lr1.06e-03_wd1.85e-06_dr50,512,32,2,1,0.001060276477895886,1.8503766823590147e-06,0.5,0.8973038473189943,0.266971253338685,0.8137191391348161,0.9122995221388577,0.8291185209640145,0.8943121588481924,0.7464509739187851,92.27355490525564
46,hgnn_trial46_h512_hd256_nl2_ah2_lr1.32e-03_wd5.85e-05_dr30,512,256,2,2,0.0013170256885255104,5.84512525726253e-05,0.3,0.8970976253298153,0.2820183716738494,0.819873631875151,0.9019517831426179,0.8277649389237373,0.8592415689680127,0.7839551006932981,55.63876279592514
6,hgnn_trial06_h256_hd64_nl2_ah4_lr1.05e-03_wd2.53e-04_dr10,256,64,2,4,0.0010485387725194617,0.0002526878207508457,0.1,0.8886946386946387,0.28716873299307455,0.8025874125874126,0.8910983765277241,0.8136018487949819,0.852991452991453,0.7578078573786728,15.692705301443736
12,hgnn_trial12_h128_hd128_nl3_ah2_lr1.96e-03_wd8.08e-06_dr30,128,128,3,2,0.001959497205867916,8.082071885709262e-06,0.3,0.8865680301711634,0.29426064465669505,0.7965509047085583,0.881290847438119,0.8021459227467811,0.8197316936836221,0.7746450973918785,25.338888792196908
2,hgnn_trial02_h128_hd32_nl1_ah8_lr5.40e-03_wd3.04e-05_dr10,128,32,1,8,0.00539503096667023,3.040532539286567e-05,0.1,0.8855278766310795,0.2891054451991685,0.8342631414809938,0.9177543305655106,0.8420931000330142,0.8777891206066794,0.7948497854077253,8.0040425380071
47,hgnn_trial47_h128_hd32_nl1_ah4_lr5.76e-03_wd2.46e-05_dr10,128,32,1,4,0.005764810670114668,2.456697454773834e-05,0.1,0.8843537414965986,0.31802150583435557,0.8259476031215162,0.9123495633330321,0.835061076262793,0.8742532635150084,0.7827005612413338,9.692467713356018
29,hgnn_trial29_h128_hd64_nl4_ah2_lr1.23e-03_wd3.06e-06_dr30,128,64,4,2,0.0012260057359187524,3.0582523213789657e-06,0.3,0.8832309043020193,0.2901032083558489,0.7809730638551263,0.8697599707722454,0.7935622317596567,0.8316920322291853,0.7360845163420271,32.936401800314584
14,hgnn_trial14_h512_hd128_nl2_ah4_lr1.58e-03_wd1.88e-05_dr10,512,128,2,4,0.0015837031559118749,1.8785426399210642e-05,0.1,0.8811104405552203,0.29898421104671885,0.7806292910379263,0.886540076280341,0.802740178276659,0.8791763149189546,0.7019478375701552,86.22521826823552
9,hgnn_trial09_h64_hd128_nl3_ah2_lr2.01e-03_wd1.99e-05_dr10,64,128,3,2,0.0020148477884158666,1.994735470307452e-05,0.1,0.8807658833768495,0.2982865838697287,0.7901217723505134,0.8741679795867853,0.7968636513700892,0.8172452723680497,0.7647408385605811,13.60658003091812
24,hgnn_trial24_h64_hd128_nl2_ah1_lr2.05e-03_wd1.94e-05_dr30,64,128,2,1,0.0020497980520950186,1.9420998251718043e-05,0.3,0.8782505910165485,0.2975092968122859,0.8102179647369152,0.8989476046505875,0.8194783757015517,0.8540279505377918,0.7706833938593596,11.63175453344981
5,hgnn_trial05_h256_hd32_nl2_ah8_lr3.99e-03_wd5.68e-05_dr30,256,32,2,8,0.003991305878561679,5.675206026988749e-05,0.3,0.8777021024578028,0.302550370674268,0.800313457291444,0.8923015516018206,0.8149224166391549,0.8688993735014309,0.7417629580719709,23.21938091913859
10,hgnn_trial10_h64_hd64_nl3_ah1_lr2.70e-03_wd5.27e-06_dr20,64,64,3,1,0.0027036160666620013,5.265139631677755e-06,0.2,0.8766881972988844,0.2985296251932359,0.7800042037413298,0.8729705659204339,0.7926708484648399,0.8307588985896575,0.7350940904588973,12.187399844328562
1,hgnn_trial01_h64_hd32_nl3_ah2_lr2.37e-03_wd2.26e-04_dr20,64,32,3,2,0.0023688639503640775,0.0002264824818951685,0.2,0.8742157155661787,0.3081786290937818,0.7696980654492859,0.8757074700259111,0.789732585011555,0.8507593924860112,0.7027401782766589,13.746462909380595
15,hgnn_trial15_h128_hd32_nl3_ah8_lr3.91e-03_wd1.30e-06_dr30,128,32,3,8,0.003912141628549694,1.3033567475147445e-06,0.3,0.8736247398156408,0.30199307807405823,0.7890104407939279,0.8820486044390305,0.8045229448662925,0.8570212107137328,0.7310003301419611,29.209363452593486
49,hgnn_trial49_h64_hd64_nl1_ah1_lr3.33e-03_wd1.15e-05_dr20,64,64,1,1,0.0033322135755462345,1.1457000811140411e-05,0.2,0.8695652173913043,0.3098604979235202,0.8191156766413578,0.9044370469199412,0.8261802575107297,0.8538175046554934,0.7871244635193133,7.152058370908102
42,hgnn_trial42_h512_hd32_nl1_ah1_lr2.14e-03_wd1.44e-06_dr10,512,32,1,1,0.0021423874956449057,1.4369502768990668e-06,0.1,0.8686064318529862,0.31378643933237566,0.8057699974629409,0.9074977517321554,0.823076923076923,0.8931383577052868,0.7339716077913503,22.237240465482078
4,hgnn_trial04_h64_hd64_nl4_ah2_lr1.14e-03_wd1.40e-04_dr40,64,64,4,2,0.001143098387631322,0.00013983740016490964,0.4,0.8595841640558246,0.3471267690690835,0.7540927460784985,0.8305372659864079,0.7629580719709476,0.7833914466661923,0.7269065698250248,23.71149782339732
43,hgnn_trial43_h128_hd64_nl4_ah8_lr2.05e-03_wd6.39e-06_dr40,128,64,4,8,0.0020463613363481603,6.390259853593128e-06,0.4,0.8572276639952509,0.3321817092472541,0.7399485190153355,0.8410655443511228,0.7631891713436778,0.8204695288631613,0.6738197424892703,35.36778847376505
19,hgnn_trial19_h128_hd64_nl4_ah1_lr2.02e-03_wd1.75e-06_dr10,128,64,4,1,0.0020165721691808598,1.7456037635797424e-06,0.1,0.8527357392316647,0.3540425916109481,0.7445665706256892,0.835741809585583,0.7629250577748432,0.8070635410240592,0.691053152855728,32.85467612346013
35,hgnn_trial35_h128_hd128_nl4_ah2_lr1.19e-03_wd2.78e-04_dr50,128,128,4,2,0.0011872731425335897,0.00027838036931305,0.5,0.8469976905311778,0.3713013443851443,0.7460389633101325,0.826916337841713,0.7602839220864972,0.7931726907630522,0.7041928029052492,33.24546190500259
23,hgnn_trial23_h64_hd128_nl4_ah2_lr1.81e-03_wd4.38e-05_dr40,64,128,4,2,0.0018145961353490244,4.3767126303409534e-05,0.4,0.845691382765531,0.3710309044688405,0.7516265620159042,0.8328773326971006,0.7618025751072961,0.7851697353279632,0.720831957741829,22.072679185867308
44,hgnn_trial44_h128_hd256_nl1_ah2_lr5.37e-03_wd3.80e-05_dr40,128,256,1,2,0.005365450324352026,3.795833579265288e-05,0.4,0.8443778110944528,0.35872474093583095,0.7755695932997374,0.8754016227638168,0.7912182238362496,0.8384101895189136,0.7214922416639155,10.323513658841451
13,hgnn_trial13_h64_hd64_nl2_ah2_lr2.86e-03_wd8.81e-05_dr40,64,64,2,2,0.0028580510658069366,8.810003129071791e-05,0.4,0.8410934214478822,0.35992238614691746,0.748440901878298,0.8699269447830213,0.7749422251568174,0.848335285260164,0.6695939253879168,11.586706988016765
39,hgnn_trial39_h64_hd256_nl3_ah1_lr5.91e-03_wd1.53e-06_dr20,64,256,3,1,0.00590568592506064,1.5255188579331416e-06,0.2,0.8384358896635344,0.3628494479036149,0.7040507859733979,0.8363459704642293,0.7414328161109277,0.8230409046735577,0.6151205018157808,18.800763352711996
3,hgnn_trial03_h64_hd32_nl2_ah2_lr1.43e-03_wd2.43e-06_dr50,64,32,2,2,0.001432249371823025,2.434542396201694e-06,0.5,0.8359820089955022,0.3644242560155043,0.7470038000584625,0.8572630261385457,0.7714097061736547,0.8362922359486215,0.6749422251568175,12.30640215476354
16,hgnn_trial16_h64_hd64_nl3_ah2_lr4.05e-03_wd2.64e-06_dr40,64,64,3,2,0.004050837781329677,2.644898018392711e-06,0.4,0.8353319684118163,0.37199901553349274,0.757953462095265,0.8531362429060078,0.7736876857048531,0.8145871281117183,0.7086827335754374,17.55775636434555
25,hgnn_trial25_h128_hd64_nl3_ah2_lr3.52e-03_wd2.87e-06_dr50,128,64,3,2,0.00352135880546787,2.8701652421858187e-06,0.5,0.8253393665158371,0.3833776060080802,0.701363259772539,0.8254338925328515,0.7381974248927039,0.8161977386273994,0.6148563882469462,25.143329441547394
20,hgnn_trial20_h64_hd64_nl2_ah8_lr4.83e-03_wd1.23e-05_dr50,64,64,2,8,0.004833180632488467,1.231150363241565e-05,0.5,0.8239416058394161,0.40428021181047086,0.7406142130173303,0.8422161430372471,0.7593595245955761,0.8031799938252547,0.687091449323209,11.484777788321177
11,hgnn_trial11_h64_hd256_nl3_ah8_lr4.09e-03_wd2.22e-06_dr30,64,256,3,8,0.004091220574443786,2.2158645374549903e-06,0.3,0.8161180476730987,0.4375615800503739,0.7231561822125814,0.8002322329073603,0.7303400462198746,0.7429486733059405,0.7043908880818752,17.536039960384368
7,hgnn_trial07_h64_hd256_nl1_ah4_lr6.80e-03_wd3.36e-06_dr30,64,256,1,4,0.0067989624215911305,3.357296705351793e-06,0.3,0.7900599828620394,0.49565252081265554,0.72639177296549,0.7916366332669962,0.7259491581379993,0.7252204817691194,0.7275668537471113,6.706685916582743
36,hgnn_trial36_h128_hd256_nl2_ah8_lr5.92e-03_wd3.11e-06_dr40,128,256,2,8,0.005918951335463648,3.1062960067335372e-06,0.4,0.6713522631430981,0.5784718371658123,0.49810825418886573,0.6452984656627837,0.5708154506437768,0.5997025192897648,0.42594915813799933,18.9916983127594
18,hgnn_trial18_h128_hd128_nl4_ah8_lr9.24e-03_wd1.01e-04_dr30,128,128,4,8,0.009239150319627255,0.00010057690178153979,0.3,0.6665358964299726,0.6931560783043929,0.6666666666666666,0.4644822705919373,0.5,0.5,1.0,11.385953625043234
41,hgnn_trial41_h128_hd128_nl4_ah2_lr7.30e-03_wd3.50e-05_dr10,128,128,4,2,0.007296312489711155,3.4993311117088494e-05,0.1,0.6665358964299726,0.6931551116184124,0.6666666666666666,0.4156530145863019,0.5,0.5,1.0,10.435499767462412
32,hgnn_trial32_h128_hd32_nl3_ah1_lr6.74e-03_wd7.65e-06_dr50,128,32,3,1,0.006741204610702764,7.651053666754206e-06,0.5,0.6665358964299726,0.6932096696138452,0.6666666666666666,0.5246071337912014,0.5,0.5,1.0,7.45251343647639
8,hgnn_trial08_h256_hd32_nl4_ah1_lr1.52e-03_wd2.85e-06_dr40,256,32,4,1,0.001519934830130981,2.8465263577610947e-06,0.4,0.615260612573885,0.6904202157800848,0.4609154069057012,0.4763536022041145,0.4902277979531198,0.48903541265372646,0.4358534169692968,32.08528691927592
48,hgnn_trial48_h64_hd256_nl2_ah1_lr5.90e-03_wd1.67e-05_dr50,64,256,2,1,0.0059015647980233885,1.671827894765161e-05,0.5,0.5573033707865168,0.6252318973504785,0.3188405797101449,0.508717809932619,0.543809838230439,0.6290604940673021,0.2135358204027732,10.757301954428355
21,hgnn_trial21_h64_hd256_nl4_ah8_lr1.32e-03_wd1.69e-05_dr50,64,256,4,8,0.0013244581340099357,1.6850517723339093e-05,0.5,0.5561497326203209,0.6260425311462007,0.27148696713914106,0.48128811823550954,0.5469461868603499,0.692578548212351,0.16883459887751734,22.741524851322175
28,hgnn_trial28_h64_hd32_nl4_ah1_lr3.96e-03_wd1.92e-04_dr50,64,32,4,1,0.003961867790406584,0.00019212959255386378,0.5,0.36675951717734445,0.6920381765675636,0.09311866724684528,0.4787745596899173,0.5183558930340046,0.7951167728237792,0.04945526576427864,16.63069703976313
26,hgnn_trial26_h64_hd128_nl4_ah1_lr9.32e-03_wd8.32e-05_dr10,64,128,4,1,0.009323621351781481,8.319514671870781e-05,0.1,0.0,0.6931532726073202,0.0,0.5728370290013745,0.5,0.0,0.0,6.561757107575734
27,hgnn_trial27_h256_hd128_nl2_ah1_lr8.70e-03_wd1.65e-04_dr20,256,128,2,1,0.008699593128513324,0.00016466293382966812,0.2,0.0,0.6931513271355636,0.0,0.48829455900107693,0.5,0.0,0.0,11.43680325349172
31,hgnn_trial31_h256_hd256_nl4_ah1_lr2.45e-03_wd4.70e-06_dr20,256,256,4,1,0.0024472440973990124,4.700720768446127e-06,0.2,0.0,0.6931891171291809,0.0,0.41785462876141394,0.5,0.0,0.0,20.110648981730144
38,hgnn_trial38_h512_hd256_nl4_ah1_lr5.09e-03_wd6.39e-05_dr10,512,256,4,1,0.005091635945818554,6.394979414183317e-05,0.1,0.0,0.6931498323022776,0.0,0.4288745298147401,0.5,0.0,0.0,63.20190747578939
40,hgnn_trial40_h128_hd64_nl4_ah2_lr2.28e-03_wd1.94e-06_dr40,128,64,4,2,0.0022827887759905123,1.936518766909302e-06,0.4,0.0,0.6931397011259718,0.0,0.4624866109396337,0.5,0.0,0.0,11.78079708814621
45,hgnn_trial45_h64_hd256_nl3_ah8_lr7.71e-03_wd1.48e-05_dr30,64,256,3,8,0.007712811947156352,1.4782014634883786e-05,0.3,0.0,0.6931240502158555,0.0006600660066006601,0.4694678501785481,0.5001650709805217,1.0,0.0003301419610432486,5.747168779373169
